"都道府県名","市区町村名","イベント名","開始日","終了日","説明","場所名称","住所","緯度","経度","アクセス方法","URL","備考"
"東京都","港区","蜷川実花展","2022-06-25","2022-09-04","写真家の枠を超えて映画、デザイン、ファッション等ジャンルにとらわれることなく多彩に活躍する蜷川実花による個展です。旧朝香宮邸の独特な建築を活かしたインスタレーションをご覧いただけます。本展のために撮りおろした新作の写真や映像作品を含め、各室ごとに趣向を凝らした演出が見どころです。「蜷川による装飾展」として当館全体の新たな見方を提示するものです。","東京都庭園美術館","港区白金台5-21-9","35.636741","139.719285","JR山手線・東急目黒線目黒駅から徒歩7分、都営三田線・東京メトロ南北線白金台駅から徒歩6分","https://www.teien-art-museum.ne.jp/",""
"東京都","港区","旅と移動展","2022-09-23","2022-11-27","庭園美術館の礎をつくった朝香宮夫妻の100年前のフランス旅行を手がかりに、1920-30年代の人々の旅心をかきたてた新たな視覚世界を、アール・デコ期のポスターや同時代の日本の観光ポスターを中心に紹介します。さらにコロナ禍により、リアルな旅が停止した2020年からの数年間を振り返り、旅という非日常体験が私たちにもたらす意味や可能性を、現代作家たちのアプローチを通して再考します。","東京都庭園美術館","港区白金台5-21-9","35.636741","139.719285","JR山手線・東急目黒線目黒駅から徒歩7分、都営三田線・東京メトロ南北線白金台駅から徒歩6分","https://www.teien-art-museum.ne.jp/",""
"東京都","港区","機能と装飾　モダニズムとモダニティ","2022-12-17","2023-03-05","1910-30年代におけるヨーロッパ及び日本の建築家やデザイナーたちの活動を通じて、従来のモダニズム史観を再考します。消費社会・大衆社会の時代においては、機能性や合理性が求められる一方で、「装飾」に大きな価値が与えられていました。本展では、流派を超えた当時の作家たちの関係性の環に着目し、機能主義と装飾といったありふれた二項対立に収まらない、ジャンルを横断した活動を俯瞰的に紹介します。","東京都庭園美術館","港区白金台5-21-9","35.636741","139.719285","JR山手線・東急目黒線目黒駅から徒歩7分、都営三田線・東京メトロ南北線白金台駅から徒歩6分","https://www.teien-art-museum.ne.jp/",""
"東京都","小金井市","特別展　江戸東京博物館コレクション展","2022-06-25","2023-02-12","2022年4月より改修休館に入る江戸東京博物館のコレクションを元に、江戸東京の歴史や生活文化を紹介する展覧会です。現在はそのコレクションの一部となっている、江戸東京たてもの園の前身にあたる旧武蔵野郷土館の資料も合わせ、東京の変遷をたどります。","江戸東京たてもの園","小金井市桜町3-7-1（都立小金井公園内）","35.71581609","139.5125809","JR中央線小金井駅北口⇒西武バス「小金井公園西口」徒歩5分・関東バス「江戸東京たてもの園前」下車徒歩3分、JR中央線東小金井駅北口⇒CoCoバス北東部循環「たてもの園入口」下車徒歩10分、西武新宿線花小金井駅南口⇒武蔵小金井駅行き「小金井公園西口」下車徒歩5分","https://www.tatemonoen.jp/",""
"東京都","小金井市","夜間特別開園　紅葉とたてもののライトアップ","2022-11-26","2022-11-27","紅葉が深まる時季に合わせ、特別に開園時間を延長して行う催しです。園内の色付く木々と歴史的建造物をほのかな光で美しく照らし出し、建物の中にはあたたかな灯りがともる、昼間とは趣の異なる夜のたてもの園を散策していただけます。大正時代のガス灯点灯、民家の囲炉裏や洋館の暖炉に火を入れる催し等、昔のあかりやぬくもりを体感いただけます。","江戸東京たてもの園","小金井市桜町3-7-1（都立小金井公園内）","35.71581609","139.5125809","JR中央線小金井駅北口⇒西武バス「小金井公園西口」徒歩5分・関東バス「江戸東京たてもの園前」下車徒歩3分、JR中央線東小金井駅北口⇒CoCoバス北東部循環「たてもの園入口」下車徒歩10分、西武新宿線花小金井駅南口⇒武蔵小金井駅行き「小金井公園西口」下車徒歩5分","https://www.tatemonoen.jp/",""
"東京都","小金井市","江戸の正月を楽しもう","2023-01-02","2022-01-03","正月2日、3日に入園無料の特別開園を行い、皆様をお迎えします。園内の復元建造物にしめ飾りや門松を立て、獅子舞や太神楽等の新年にふさわしい伝統芸能をご覧いただけます。また、江戸時代より庶民に親しまれていた縁起物の「宝船絵」（印刷物）を、先着順で配布します。","江戸東京たてもの園","小金井市桜町3-7-1（都立小金井公園内）","35.71581609","139.5125809","JR中央線小金井駅北口⇒西武バス「小金井公園西口」徒歩5分・関東バス「江戸東京たてもの園前」下車徒歩3分、JR中央線東小金井駅北口⇒CoCoバス北東部循環「たてもの園入口」下車徒歩10分、西武新宿線花小金井駅南口⇒武蔵小金井駅行き「小金井公園西口」下車徒歩5分","https://www.tatemonoen.jp/",""
"東京都","小金井市","成人の日はたてもの園へ","2023-01-09","2023-01-09","ハレの日の記念に、歴史ある建造物が建ち並ぶたてもの園で新成人をお祝いする催しです。人力車での園内めぐりの他、復元建造物である写真館内のスタジオでは、お手持ちのカメラで記念撮影ができます。新成人は無料でご入園いただけます。","江戸東京たてもの園","小金井市桜町3-7-1（都立小金井公園内）","35.71581609","139.5125809","JR中央線小金井駅北口⇒西武バス「小金井公園西口」徒歩5分・関東バス「江戸東京たてもの園前」下車徒歩3分、JR中央線東小金井駅北口⇒CoCoバス北東部循環「たてもの園入口」下車徒歩10分、西武新宿線花小金井駅南口⇒武蔵小金井駅行き「小金井公園西口」下車徒歩5分","https://www.tatemonoen.jp/",""
"東京都","小金井市","特別展　日本のタイル100年","2023-03-11","2023-08-20","幕末から明治期にかけ、西洋建築が日本で普及をはじめる際、内外装の素材となる「タイル」も伝来しました。当初は「装飾煉瓦」等様々な名称で呼ばれていましたが、普及が進むなかで不便が生じ、1922年(大正11年）4月に開かれた全国タイル業者大会で名称が「タイル」に統一されました。それから100年を記念して、日本におけるタイルの歴史とそれを通じて見える暮らしや建築の変化を紹介する展覧会です。","江戸東京たてもの園","小金井市桜町3-7-1（都立小金井公園内）","35.71581609","139.5125809","JR中央線小金井駅北口⇒西武バス「小金井公園西口」徒歩5分・関東バス「江戸東京たてもの園前」下車徒歩3分、JR中央線東小金井駅北口⇒CoCoバス北東部循環「たてもの園入口」下車徒歩10分、西武新宿線花小金井駅南口⇒武蔵小金井駅行き「小金井公園西口」下車徒歩5分","https://www.tatemonoen.jp/",""
"東京都","小金井市","たてもの園フェスティバル","2023-03-27","2023-03-28","小金井公園にある1700本の桜のつぼみがほころぶこの時期、子供から大人まで一緒に楽しめる催しを行います。体を使って建物の形を表す「けんちく体操」をはじめ、伝統工芸の実演や職人の技を体験する催し、アーティストによるパフォーマンス等様々な事業を行います。開園記念日の3月28日は無料でご入園いただけます。","江戸東京たてもの園","小金井市桜町3-7-1（都立小金井公園内）","35.71581609","139.5125809","JR中央線小金井駅北口⇒西武バス「小金井公園西口」徒歩5分・関東バス「江戸東京たてもの園前」下車徒歩3分、JR中央線東小金井駅北口⇒CoCoバス北東部循環「たてもの園入口」下車徒歩10分、西武新宿線花小金井駅南口⇒武蔵小金井駅行き「小金井公園西口」下車徒歩5分","https://www.tatemonoen.jp/",""
"東京都","目黒区","TOPコレクション　前衛写真","2022-05-20","2022-08-21","日本の前衛写真はシュルレアリスムや抽象美術の影響を受け1930年後半から1940年代までの間に全国各地のアマチュア団体を中心に勃興しました。短期間の潮流であったことから、その活動は長らく検証がなされていませんでしたが、近年各地の美術館により研究が進められてきました。本展では、同時代に流行した前衛絵画との関係性を含め、日本の前衛写真が戦後の主観主義やシュルレアリスム運動とどのように関わっていったのかを詳らかにしていきます。","東京都写真美術館","目黒区三田1-13-3 恵比寿ガーデンプレイス内","35.641780585413414","139.7132839","JR恵比寿から駅徒歩7分、東京メトロ日比谷線恵比寿駅から徒歩10分","https://topmuseum.jp/",""
"東京都","目黒区","メメント・モリと写真","2022-06-17","2022-09-25","「メメント・モリ」をテーマに、写真と死について考察する展覧会。ラテン語で「死を想え」という警句であるメメント・モリは、古代より芸術作品の題材として取り上げられてきましたが、印画紙の中に時間をとどめる写真も例外ではありません。本展では東京都写真美術館所蔵の珠玉の写真・映像作品を織り交ぜながら、人々が死（＝見えない世界）をどのように見つめてきたか探っていきます。","東京都写真美術館","目黒区三田1-13-3 恵比寿ガーデンプレイス内","35.641780585413414","139.7132839","JR恵比寿から駅徒歩7分、東京メトロ日比谷線恵比寿駅から徒歩10分","https://topmuseum.jp/",""
"東京都","目黒区","光学を超えて","2022-08-09","2022-10-10","当館の映像・光学装置、1960～70年代の初期コンピュータで生成されたイメージ、そして近年のコンピュータで制作された作品を展覧することを通じて、東京都写真美術館の映像資料の今日的な解釈や意義を考察いたします。出品作家は、藤幡正樹、木本圭子、タマシュ・ヴァリツキー他を予定。既にある「ものの見方」と「イメージの作り方」に対する作家たちの挑戦を紹介します。","東京都写真美術館","目黒区三田1-13-3 恵比寿ガーデンプレイス内","35.641780585413414","139.7132839","JR恵比寿から駅徒歩7分、東京メトロ日比谷線恵比寿駅から徒歩10分","https://topmuseum.jp/",""
"東京都","目黒区","日本の新進作家　 vol.19","2022-09-02","2022-12-11","写真・映像の可能性に挑戦する創造的精神を支援し、将来性のある作家を発掘し、新しい創造活動の展開の場として2002年より開催している展覧会。第19回目となる今回は、写真・映像イメージの持つ「触覚性」「テクスチュア」に焦点を当て、オブジェやデータとしての、今日的な写真・映像の在り様を探ります。","東京都写真美術館","目黒区三田1-13-3 恵比寿ガーデンプレイス内","35.641780585413414","139.7132839","JR恵比寿から駅徒歩7分、東京メトロ日比谷線恵比寿駅から徒歩10分","https://topmuseum.jp/",""
"東京都","目黒区","野口里佳","2022-10-07","2023-01-22","水中や高地、宇宙といった未知の領域と人間との関わりをテーマに、見る者の想像を誘う作品表現で知られる現代美術作家・野口里佳（1971-)。この世界に満ちる無数の小さな謎の探求を通して、見る者の感覚を解き放ちます。本展は「飛ぶこと」をテーマとした近作および新作を含め、写真と映像を中心としたインスタレーションによって紹介する予定です。","東京都写真美術館","目黒区三田1-13-3 恵比寿ガーデンプレイス内","35.641780585413414","139.7132839","JR恵比寿から駅徒歩7分、東京メトロ日比谷線恵比寿駅から徒歩10分","https://topmuseum.jp/",""
"東京都","目黒区","恵比寿映像祭 2023","2023-02-03","2023-03-26","過去14回実施の「恵比寿映像祭」で培った実績と国内外のネットワークを活用して、将来性の高い日本の優れた映像作家による本展のための新作品を展示上映し、それを国内外で発表していくことで国際発信力の高い事業を展開いたします。また、3F展示室の会期を45日間に延長し、より多くの皆さまに映像文化の魅力をお伝えします。","東京都写真美術館","目黒区三田1-13-3 恵比寿ガーデンプレイス内","35.641780585413414","139.7132839","JR恵比寿から駅徒歩7分、東京メトロ日比谷線恵比寿駅から徒歩10分","https://topmuseum.jp/",""
"東京都","目黒区","深瀬昌久","2023-03-03","2023-06-04","第二期重点収集作家の一人、深瀬昌久（1934-2012)の個展。1960～70年代という日本写真の黄金時代に、荒木経惟や森山大道らと時代を同じくして、新しい表現を切り開いた作家の活動を紹介します。東京都写真美術館蔵の作品をベースに、深瀬昌久の代表作により構成。魅力的な人物像を浮き彫りにしながら、表現の特異性を検証していきます。","東京都写真美術館","目黒区三田1-13-3 恵比寿ガーデンプレイス内","35.641780585413414","139.7132839","JR恵比寿から駅徒歩7分、東京メトロ日比谷線恵比寿駅から徒歩10分","https://topmuseum.jp/",""
"東京都","江東区","ジャン・プルーヴェ","2022-07-16","2022-10-16","20世紀の工業デザインと建築に大きな影響を与えたジャン・プルーヴェ（1901-1984）の大規模な展覧会。意匠から生産までを総合的に捉え、技術者や職人との協働で、家具から建築まで幅広く手掛けたプルーヴェは、自らを建築家でもデザイナーでもなく、「建設家」と称しました。本展では、プルーヴェが制作したオリジナルの家具およそ100点、ドローイング等の資料に加え、移送可能な建築物も展示し、その仕事を網羅的に紹介します。","東京都現代美術館","江東区三好4-1-1","35.67996455298221","139.808176","東京メトロ半蔵門線清澄白河駅から徒歩9分、東京メトロ東西線木場駅から徒歩15分、都営大江戸線清澄白河駅から徒歩13分、都営新宿園菊川駅から徒歩15分、都営バスで「東京都現代美術館前」下車","https://www.mot-art-museum.jp/",""
"東京都","江東区","ＭＯＴアニュアル2022","2022-07-16","2022-10-16","異なる文化や表現領域が混合する東京に拠点を置く美術館ならではの視点から、現代美術の一側面を切り取るグループ展のシリーズ。2022年は、大久保あり、工藤春香、高川和也、良知暁を迎え、時代や社会から忘れられ見えないとされている存在にどのように輪郭を与えることができるのか、私たちの生活を取り巻く複雑に制度化された環境をどのように解像度をあげて捉えることができるのかを共に考えます。","東京都現代美術館","江東区三好4-1-1","35.67996455298221","139.808176","東京メトロ半蔵門線清澄白河駅から徒歩9分、東京メトロ東西線木場駅から徒歩15分、都営大江戸線清澄白河駅から徒歩13分、都営新宿園菊川駅から徒歩15分、都営バスで「東京都現代美術館前」下車","https://www.mot-art-museum.jp/",""
"東京都","江東区","MOTコレクション","2022-07-16","2022-10-16","東京都現代美術館の幅広い収蔵作品の中から、様々な組合せや新しいテーマによる展示を行い、コレクションの新たな魅力をお伝えします。","東京都現代美術館","江東区三好4-1-1","35.67996455298221","139.808176","東京メトロ半蔵門線清澄白河駅から徒歩9分、東京メトロ東西線木場駅から徒歩15分、都営大江戸線清澄白河駅から徒歩13分、都営新宿園菊川駅から徒歩15分、都営バスで「東京都現代美術館前」下車","https://www.mot-art-museum.jp/",""
"東京都","江東区","TOKYO ART BOOK FAIR 2022","2022-10-27","2022-10-30","TOKYO ART BOOK FAIR 2022では、独創的なアートブックやZINE（自主制作出版物）を制作する国内外の出版社、ギャラリー、アーティストら出展者が会場である東京都現代美術館に集結し、それぞれの印刷物の魅力を直接のコミュニケーションを通して来場者へと伝えます。ひとつの国や地域の出版文化に焦点を当てる企画「GuestCountry」は、フランスをフィーチャー。老舗から新進気鋭の出版社、様々な分野で活躍するアーティストやデザイナーらを、展示やトークイベントを通して紹介し、フランスの豊かな出版シーンをひもときます。","東京都現代美術館","江東区三好4-1-1","35.67996455298221","139.808176","東京メトロ半蔵門線清澄白河駅から徒歩9分、東京メトロ東西線木場駅から徒歩15分、都営大江戸線清澄白河駅から徒歩13分、都営新宿園菊川駅から徒歩15分、都営バスで「東京都現代美術館前」下車","https://www.mot-art-museum.jp/",""
"東京都","江東区","MOTコレクション","2022-11-03","","東京都現代美術館の幅広い収蔵作品の中から、様々な組合せや新しいテーマによる展示を行い、コレクションの新たな魅力をお伝えします。","東京都現代美術館","江東区三好4-1-1","35.67996455298221","139.808176","東京メトロ半蔵門線清澄白河駅から徒歩9分、東京メトロ東西線木場駅から徒歩15分、都営大江戸線清澄白河駅から徒歩13分、都営新宿園菊川駅から徒歩15分、都営バスで「東京都現代美術館前」下車","https://www.mot-art-museum.jp/",""
"東京都","江東区","ウェンデリン・ファン・オルデンボ
ルフ","2022-11-12","2023-02-19","ウェンデリン・ファン・オルデンボルフ（1962年オランダ生まれ、ベルリン在住）は、映像インスタレーションを主なメディアに、異なるバックグラウンドをもつ個人やコミュニティーと協働する作品の生成過程を通じて、現在のオランダと関わる歴史的問題や社会問題を広く考察してきました。日本／アジア初の個展となる本展では、ファン・オルデンボルフが日本で制作する新作を中心に、これまでの代表作を展示し、2022年現在の日本社会が関わる問題に対する多声的な問いかけと応答が共鳴する展示、考察の場とします。","東京都現代美術館","江東区三好4-1-1","35.67996455298221","139.808176","東京メトロ半蔵門線清澄白河駅から徒歩9分、東京メトロ東西線木場駅から徒歩15分、都営大江戸線清澄白河駅から徒歩13分、都営新宿園菊川駅から徒歩15分、都営バスで「東京都現代美術館前」下車","https://www.mot-art-museum.jp/",""
"東京都","江東区","クリスチャン・ディオール、夢のクチュリエ","","","パリ、ロンドン、上海、NY、ドーハで成功を収めた本展では、未来を見据えた創設者クリスチャン・ディオールから70年以上も受け継がれる創作への情熱、さらにメゾンと日本との強い絆に焦点を当て、新たな空間デザインのもと、初公開のアーカイブピースを含むディオールの豊かな文化遺産を紹介いたします。","東京都現代美術館","江東区三好4-1-1","35.67996455298221","139.808176","東京メトロ半蔵門線清澄白河駅から徒歩9分、東京メトロ東西線木場駅から徒歩15分、都営大江戸線清澄白河駅から徒歩13分、都営新宿園菊川駅から徒歩15分","https://www.mot-art-museum.jp/",""
"東京都","渋谷区","アール・ブリュット巡回展　かわるかたち","","","2020年、2021年に開催した「アール・ブリュット特別展」に続き、アール・ブリュットの作家や作品を広く東京都内で紹介する巡回展。作品とその「かたち」の成り立ちに着目し、平面絵画や立体造形等、形状の異なる様々な素材の作品がもつ、美術の既成概念にとらわれない表現のかたちと、そこに宿る創造の根源的な魅力に迫ります。純粋に創作を希求する心のままに素材に加えられた行為の痕跡を見つめ、創造の起源を感じ、そのひとつひとつの変化を味わう展覧会です。","東京都渋谷公園通りギャラリー","東京都渋谷区神南1-19-8 渋谷区立勤労福祉会館1階","35.66261995","139.6996414","東急東横線・田園都市線・東京メトロ半蔵門線・副都心線渋谷駅（B1出口）から徒歩5分、JR山手線・埼京線・湘南新宿ライン
京王井の頭線、東京メトロ銀座線渋谷駅（ハチ公改札口）から徒歩８分","https://inclusion-art.jp/",""
"東京都","渋谷区","レター/アート/プロジェクト「とどく」成果発表展","2022-10-08","2022-12-18","レター/アート/プロジェクト「とどく」は、手紙やはがきやビデオレター等、様々な形の間接的なやりとりを通じ、「今ここにいるわたし」と「今ここにいないあなた」が繋がるアートプロジェクト。2020年より3年にわたって展開された「とどく」を総括する展覧会です。アーティストと協働者の間で繰り広げられた交流プロセスや、全体を俯瞰することのできる映像資料等に加え、3名の参加アーティストが、本プロジェクトから生まれた新作を発表します。","東京都渋谷公園通りギャラリー","東京都渋谷区神南1-19-8 渋谷区立勤労福祉会館1階","35.66261995","139.6996414","東急東横線・田園都市線・東京メトロ半蔵門線・副都心線渋谷駅（B1出口）から徒歩5分、JR山手線・埼京線・湘南新宿ライン
京王井の頭線、東京メトロ銀座線渋谷駅（ハチ公改札口）から徒歩８分","https://inclusion-art.jp/",""
"東京都","渋谷区","アール・ブリュット ゼン＆ナウvol.2　理想宮からの眺め","2023-01-21","2023-04-09","国内外のアール・ブリュットの動向において、長く活躍を続ける作家と、近年発表の場を広げつつある作家を、様々な角度から紹介する展覧会シリーズ「アール・ブリュット ゼン&ナウ」。2回目となる本展では、東京の中心地のひとつである渋谷という風土に言及し、都市とアール・ブリュットという視点で、アール・ブリュットが都市生活者にとっても身近な芸術文化であることを広く伝えます。","東京都渋谷公園通りギャラリー","東京都渋谷区神南1-19-8 渋谷区立勤労福祉会館1階","35.66261995","139.6996414","東急東横線・田園都市線・東京メトロ半蔵門線・副都心線渋谷駅（B1出口）から徒歩5分、JR山手線・埼京線・湘南新宿ライン
京王井の頭線、東京メトロ銀座線渋谷駅（ハチ公改札口）から徒歩８分","https://inclusion-art.jp/",""
"東京都","渋谷区","交流プログラム","","","様々な背景を持つ参加者が、他分野にまたがるアーティストや専門家と交流することができる各種プログラム（トーク、ワークショップ、パフォーマンス、公開制作、アーカイブ映像上映等）を通じ、アートを通して社会における多様性や共生を考える機会を創出します。","東京都渋谷公園通りギャラリー","東京都渋谷区神南1-19-8 渋谷区立勤労福祉会館1階","35.66261995","139.6996414","東急東横線・田園都市線・東京メトロ半蔵門線・副都心線渋谷駅（B1出口）から徒歩5分、JR山手線・埼京線・湘南新宿ライン
京王井の頭線、東京メトロ銀座線渋谷駅（ハチ公改札口）から徒歩８分","https://inclusion-art.jp/",""
"東京都","渋谷区","交流プログラム　レター/アート/プロジェクト「とどく」","","","レター/アート/プロジェクト「とどく」は、手紙やはがき、ビデオレター等、様々な形の間接的なやりとりを通じ、「今ここにいるわたし」と「今ここにいないあなた」が繋がるアートプロジェクトです。3人のアーティストがホストとなり、絵や映像、彫刻等を駆使し、様々なバックグラウンドを持つ多様な人々と手紙のやり取りを重ねながら共同でアート作品を作り上げていきます。","東京都渋谷公園通りギャラリー","東京都渋谷区神南1-19-8 渋谷区立勤労福祉会館1階","35.66261995","139.6996414","東急東横線・田園都市線・東京メトロ半蔵門線・副都心線渋谷駅（B1出口）から徒歩5分、JR山手線・埼京線・湘南新宿ライン
京王井の頭線、東京メトロ銀座線渋谷駅（ハチ公改札口）から徒歩８分","https://inclusion-art.jp/",""
"東京都","渋谷区","交流プログラムワークショップ「においと辿る、わたしの記憶」","","","“匂いと記憶”のアーティストの井上尚子さんを講師に迎え、見える人、見えない人、聞こえない人、聞こえる人、みんなで「におい」を鑑賞し、個々が感じる「においの記憶」について語り合い、共鳴や違和感を楽しみながら、今まで気がつかなかったことに「におい」から想像を膨らませるワークショップです。参加者それぞれが持参した「人生で大切なもの」や「忘れがたいもの」の「におい」を鑑賞・分析し、その「におい」から回想される記憶をもとに作品制作を行い、展示します。","東京都渋谷公園通りギャラリー","東京都渋谷区神南1-19-8 渋谷区立勤労福祉会館1階","35.66261995","139.6996414","東急東横線・田園都市線・東京メトロ半蔵門線・副都心線渋谷駅（B1出口）から徒歩5分、JR山手線・埼京線・湘南新宿ライン
京王井の頭線、東京メトロ銀座線渋谷駅（ハチ公改札口）から徒歩８分","https://inclusion-art.jp/","ワークショップ"
"東京都","渋谷区","交流プログラムKids meet 02「おもいつきの声と色」","","","様々なバックグラウンドを持つ子供たちが、アートの体験を通じて偶然の出会いや想像もできないものごとと巡り合い、対話する機会を創出する子供のプログラム「Kids meet」シリーズ。第２回は、おもいつきの声と色（小島聖さん、平松麻さん）を講師に迎え、今回のワークショップのためにつくられた物語に参加者が「絵」を添え、講師と協力して紙芝居を作り上げ、発表します。","東京都渋谷公園通りギャラリー","東京都渋谷区神南1-19-8 渋谷区立勤労福祉会館1階","35.66261995","139.6996414","東急東横線・田園都市線・東京メトロ半蔵門線・副都心線渋谷駅（B1出口）から徒歩5分、JR山手線・埼京線・湘南新宿ライン
京王井の頭線、東京メトロ銀座線渋谷駅（ハチ公改札口）から徒歩８分","https://inclusion-art.jp/",""
"東京都","文京区","TOKAS　Project　 Vol. 5","2022-08-27","2022-10-10","多文化的な視点を通じ、アートや社会等、様々なトピックについて思考するプログラム。台北との二都市間交流事業として、TOKASレジデンス・プログラムで招聘・派遣した作家を中心とした展覧会を開催します。","トーキョーアーツアンドスペース本郷","文京区本郷2-4-16","35.70315066487214","139.7593121","JR中央線･総武線・東京メトロ丸ノ内線御茶ノ水駅から徒歩７分、都営地下鉄三田線・JR総武線水道橋駅から徒歩７分、都営地下鉄大江戸線・東京メトロ丸ノ内線本郷三丁目駅徒歩７分","https://www.tokyoartsandspace.jp/index.html",""
"東京都","文京区","OPEN SITE 7","","","アートにまつわるあらゆるジャンルを対象とした企画公募プログラムです。新しい表現を創造し、社会へと開いていく意欲に満ちた企画が集まるプラットフォームを目指します。選出された展示とパフォーマンス企画の他、TOKASによる推奨企画や普及プログラム等を実施します。","トーキョーアーツアンドスペース本郷","文京区本郷2-4-16","35.70315066487214","139.7593121","JR中央線･総武線・東京メトロ丸ノ内線御茶ノ水駅から徒歩７分、都営地下鉄三田線・JR総武線水道橋駅から徒歩７分、都営地下鉄大江戸線・東京メトロ丸ノ内線本郷三丁目駅徒歩７分","https://www.tokyoartsandspace.jp/index.html",""
"東京都","文京区","ACT （Artists Contemporary TOKAS） Vol. 5","2023-02-04","2023-03-19","若手アーティストの発掘、育成、支援等を行ってきたTOKASの様々なプログラムに参加後、注目すべき活動を展開しているアーティストによるグループ展を開催します。","トーキョーアーツアンドスペース本郷","文京区本郷2-4-16","35.70315066487214","139.7593121","JR中央線･総武線・東京メトロ丸ノ内線御茶ノ水駅から徒歩７分、都営地下鉄三田線・JR総武線水道橋駅から徒歩７分、都営地下鉄大江戸線・東京メトロ丸ノ内線本郷三丁目駅徒歩７分","https://www.tokyoartsandspace.jp/index.html",""
"東京都","文京区","オープン･スタジオ　2022-2023","","","TOKASレジデンシー（東京都墨田区）では通常年間約50組のクリエーターが滞在し、創作やリサーチを行っています。7月、11月、3月にはクリエーターの滞在中の活動や、制作した作品を公開
します。トークイベントや、スタッフによる作品解説、施設見学ツアーも行います。","TOKASレジデンシー","墨田区立川2-14-7-1F （オフィス501）","35.69225563794676","139.802009","都営新宿線菊川駅から徒歩9分、都営新宿線・大江戸線森下駅から徒歩11分、JR総武線・都営大江戸線両国駅から徒歩15分","https://www.tokyoartsandspace.jp/index.html",""
"東京都","文京区","夏のこどもワークショップ","","","アーティストを招き、小学生以上を対象とした制作ワークショップをTOKASレジデンシーのスタジオを使って開催します。","TOKASレジデンシー","墨田区立川2-14-7-1F （オフィス501）","35.69225563794676","139.802009","都営新宿線菊川駅から徒歩9分、都営新宿線・大江戸線森下駅から徒歩11分、JR総武線・都営大江戸線両国駅から徒歩15分","https://www.tokyoartsandspace.jp/index.html",""
"東京都","文京区","Tokyo Contemporary Art Award2021-2023　受賞記念展","2023-03-18","2023-06-18","東京都とトーキョーアーツアンドスペースが創設した中堅アーティストを対象とした「Tokyo Contemporary Art Award」。第3回の受賞者、竹内公太と志賀理江子による展覧会を東京都現代美術館で開催します。","東京都現代美術館","江東区三好4-1-1","35.67996455298221","139.808176","東京メトロ半蔵門線清澄白河駅から徒歩9分、東京メトロ東西線木場駅から徒歩15分、都営大江戸線清澄白河駅から徒歩13分、都営新宿園菊川駅から徒歩15分、都営バスで「東京都現代美術館前」下車","https://www.tokyoartsandspace.jp/index.html",""
"東京都","台東区","特別展　ボストン美術館展　芸術×力","2022-07-23","2022-10-02","古今東西の権力者たちは、その力を示し、維持するために芸術の力を利用しました。本展では、エジプト、ヨーロッパ、インド、中国、日本など様々な地域で生み出された約60点の作品を通して、力とともにあった芸術の歴史を振り返ります。","東京都美術館","台東区上野公園8-36","35.71738549659118","139.7729226","JR上野駅から徒歩7分、東京メトロ銀座線・日比谷線上野駅から徒歩10分、京成電鉄京成上野駅から徒歩10分","https://www.tobikan.jp/",""
"東京都","台東区","企画展　フィン・ユールとデンマークの椅子","2022-07-23","2022-10-09","デザイン大国として知られるデンマーク。椅子をテーマに、デンマーク家具デザインの変遷をたどるとともに、モダン家具の黄金期を築いたフィン・ユールに焦点をあて、その独創的なデザインが生み出された背景を探ります。","東京都美術館","台東区上野公園8-36","35.71738549659118","139.7729226","JR上野駅から徒歩7分、東京メトロ銀座線・日比谷線上野駅から徒歩10分、京成電鉄京成上野駅から徒歩10分","https://www.tobikan.jp/",""
"東京都","台東区","特別展　展覧会 岡本太郎","2022-10-18","2022-12-28","1970年日本万国博覧会のテーマ館《太陽の塔》で知られ、今日でも幅広い世代の人々を魅了する芸術家・岡本太郎（1911-1996）。作家の芸術人生を振り返る、大回顧展を開催します。","東京都美術館","台東区上野公園8-36","35.71738549659118","139.7729226","JR上野駅から徒歩7分、東京メトロ銀座線・日比谷線上野駅から徒歩10分、京成電鉄京成上野駅から徒歩10分","https://www.tobikan.jp/",""
"東京都","台東区","上野アーティストプロジェクト2022","2022-11-19","2023-01-06","公募団体展とともに歩み続けてきた東京都美術館の歴史と伝統を踏まえ、毎年魅力的な企画テーマを設定し、公募団体などで活躍している現代作家を紹介する「上野アーティストプロジェクト」の第6弾です。","東京都美術館","台東区上野公園8-36","35.71738549659118","139.7729226","JR上野駅から徒歩7分、東京メトロ銀座線・日比谷線上野駅から徒歩10分、京成電鉄京成上野駅から徒歩10分","https://www.tobikan.jp/",""
"東京都","台東区","コレクション展","2022-11-19","2023-01-06","「上野アーティストプロジェクト」のテーマにあわせて、東京都江戸東京博物館等、都立美術館、博物館の作品を活用し、上野を訪れる美術愛好者に東京都のコレクションを積極的に紹介します。","東京都美術館","台東区上野公園8-36","35.71738549659118","139.7729226","JR上野駅から徒歩7分、東京メトロ銀座線・日比谷線上野駅から徒歩10分、京成電鉄京成上野駅から徒歩10分","https://www.tobikan.jp/",""
"東京都","台東区","特別展　エゴン・シーレ展","2023-01-26","2023-04-09","19世紀末ウィーンを代表する画家エゴン・シーレ（1890-1918）は、28年という短い生涯のなかで数多くの作品を残し、独自の表現を追求しました。本展では、ウィーンのレオポルド美術館の
所蔵品を中心に、シーレの初期から晩年までの絵画、素描の他、ウィーン世紀末の芸術家たちの作品を紹介し、画家の生涯とその作品、同時代の芸術の諸相を展観します。","東京都美術館","台東区上野公園8-36","35.71738549659118","139.7729226","JR上野駅から徒歩7分、東京メトロ銀座線・日比谷線上野駅から徒歩10分、京成電鉄京成上野駅から徒歩10分","https://www.tobikan.jp/",""
"東京都","台東区","東京都美術館×東京藝術大学　とびらプロジェクト","","","プロジェクト「とびらプロジェクト」。毎年広く一般から募集するアート・コミュニケータ「とびラー」と、学芸員や大学の教員、そして第一線で活躍中の専門家がともに美術館を拠点に、芸術や文化資源を活かしながら、人と作品、人と人、人と場所をつなぐ活動を展開しています。年間を通して、一般の方が参加できるプログラムを実施し、2月頃にはフォーラムも開催しています。","東京都美術館","台東区上野公園8-36","35.71738549659118","139.7729226","JR上野駅から徒歩7分、東京メトロ銀座線・日比谷線上野駅から徒歩10分、京成電鉄京成上野駅から徒歩10分","https://www.tobikan.jp/",""
"東京都","台東区","建築ツアー","","","展覧会だけではなく、美術館の建物そのものも楽しんでほしい！そんな思いから始まったツアーです。当館のアート・コミュニケータ（とびラー）の案内で、館内外を散策し、建築の魅力に迫ります。ガイド個々人のオリジナリティが発揮され、それぞれ独自のツアーを展開中です。各回のツアー日時・内容は、美術館のホームページにて随時お知らせします。","東京都美術館","台東区上野公園8-36","35.71738549659118","139.7729226","JR上野駅から徒歩7分、東京メトロ銀座線・日比谷線上野駅から徒歩10分、京成電鉄京成上野駅から徒歩10分","https://www.tobikan.jp/",""
"東京都","台東区","障害のある方のための特別鑑賞会","","","障害のある方がゆったりと安心・安全に特別展を鑑賞できるよう、休室日に特別鑑賞会を開催しています。事前申込制で特別展ごとに1回開催し、当館のアート・コミュニケータ（とびラー）が当日のサポートをします。","東京都美術館","台東区上野公園8-36","35.71738549659118","139.7729226","JR上野駅から徒歩7分、東京メトロ銀座線・日比谷線上野駅から徒歩10分、京成電鉄京成上野駅から徒歩10分","https://www.tobikan.jp/",""
"東京都","台東区","Museum Start あいうえの","","","Museum Start あいうえのは上野公園に集まる9つの文化施設が連携し、子供と大人が学びあえる環境を創造する「ラーニング・デザイン・プロジェクト」です。ファミリー向けプログラム、学校向けプログラム、ダイバーシティ・プログラムを年間を通して開催し、ミュージアムが持つ豊かな文化資源を使った主体的な学びの場を継続的に支援していきます。（要事前申込）","東京都美術館","台東区上野公園8-36","35.71738549659118","139.7729226","JR上野駅から徒歩7分、東京メトロ銀座線・日比谷線上野駅から徒歩10分、京成電鉄京成上野駅から徒歩10分","https://www.tobikan.jp/",""
"東京都","台東区","クリエイティブ・エイジング","","","誰もがクリエイティブに歳を重ねられる社会を目指し、シニア世代の方々を対象にした参加型の鑑賞や異世代交流の機会、認知症の症状のある方を対象にしたプログラム等を企画しています。","東京都美術館","台東区上野公園8-36","35.71738549659118","139.7729226","JR上野駅から徒歩7分、東京メトロ銀座線・日比谷線上野駅から徒歩10分、京成電鉄京成上野駅から徒歩10分","https://www.tobikan.jp/",""
"東京都","台東区","上野 de クラシック","","","東京音楽コンクールの入賞者の支援を目的に開催するコンサートです。ソロやアンサンブル等様々な形態の演奏をお届けします。平日の午前中を中心に、午後や夜にも開催予定です。
　会場：小ホール","東京文化会館","台東区上野公園5-45","35.71442852473012","139.7756714","JR上野駅から徒歩１分、東京メトロ銀座線・日比谷線上野駅徒歩約5分、京成電鉄京成上野駅から徒歩７分","https://www.t-bunka.jp/",""
"東京都","台東区","創遊・楽落らいぶ－音楽家と落語家のコラボレーション－","","","ミニ・コンサートと、落語と音楽のコラボレーションの2本立ての公演です。スペシャル版の夜公演は、外国人にも楽しめるイラスト＆英語字幕付きで開催予定です。
　会場：小ホール","東京文化会館","台東区上野公園5-45","35.71442852473012","139.7756714","JR上野駅から徒歩１分、東京メトロ銀座線・日比谷線上野駅徒歩約5分、京成電鉄京成上野駅から徒歩７分","https://www.t-bunka.jp/",""
"東京都","台東区","《響の森》コンサート","2023-01-03","2023-01-03","国内外で活躍する指揮者・ソリストを迎え、オーケストラによるコンサートを手頃な料金で鑑賞いただき、クラシック音楽の魅力をお伝えします。","東京文化会館","台東区上野公園5-45","35.71442852473012","139.7756714","JR上野駅から徒歩１分、東京メトロ銀座線・日比谷線上野駅徒歩約5分、京成電鉄京成上野駅から徒歩７分","https://www.t-bunka.jp/",""
"東京都","台東区","第20回東京音楽コンクール","","","新人若手音楽家の発掘を目的としたコンクールです。2022年度は、ピアノ、金管、声楽の3部門を対象に開催します。本選ではオーケストラ伴奏による演奏審査を行い、各部門の第1位から第3位の入賞者等を選出し、表彰式を行います。　第2次予選（公開審査）　会場：小ホール
　8月20日：声楽部門、21日：ピアノ部門、22日：金管部門
　本選（公開審査）　会場：大ホール
　8月26日：声楽部門、28日：ピアノ部門、30日：金管部門","東京文化会館","台東区上野公園5-45","35.71442852473012","139.7756714","JR上野駅から徒歩１分、東京メトロ銀座線・日比谷線上野駅徒歩約5分、京成電鉄京成上野駅から徒歩７分","https://www.t-bunka.jp/",""
"東京都","台東区","東京文化会館オペラBOX『子供と魔法』","2022-09-25","2022-09-25","小ホールの特性を活かした特色あるオペラ公演を、上野中央通り商店会との共催で、東京音楽コンクール入賞者を起用して開催します。ラヴェル作曲の幻想的なオペラ『子供と魔法』を、ワー
クショップ参加の子供たちを交えて上演します。
　指揮：柴田真郁　演出：岩田達宗
　会場：小ホール","東京文化会館","台東区上野公園5-45","35.71442852473012","139.7756714","JR上野駅から徒歩１分、東京メトロ銀座線・日比谷線上野駅徒歩約5分、京成電鉄京成上野駅から徒歩７分","https://www.t-bunka.jp/",""
"東京都","台東区","舞台芸術創造事業オペラ『note to a friend』","2023-02-04","2023-02-05","実験的、前衛的な舞台芸術作品を多彩なコラボレーションにより創造・発信する舞台芸術創造事業。今、最も注目を集める作曲家、デヴィッド・ラングの新作を、ジャパン・ソサエティーとの共同制作でお届けします。
　原作：芥川龍之介「或旧友へ送る手記」、「点鬼簿」
　作曲：デヴィッド・ラング　演出：笈田ヨシ
　会場：小ホール","東京文化会館","台東区上野公園5-45","35.71442852473012","139.7756714","JR上野駅から徒歩１分、東京メトロ銀座線・日比谷線上野駅徒歩約5分、京成電鉄京成上野駅から徒歩７分","https://www.t-bunka.jp/",""
"東京都","台東区","東京文化会館公開リハーサル","","","通常は非公開の「音楽創り」を進めていく過程を無料公開します。新たな公演の魅力や楽しみ方を発見できる事業です。
会場：大ホール","東京文化会館","台東区上野公園5-45","35.71442852473012","139.7756714","JR上野駅から徒歩１分、東京メトロ銀座線・日比谷線上野駅徒歩約5分、京成電鉄京成上野駅から徒歩７分","https://www.t-bunka.jp/",""
"東京都","台東区","東京文化会館バックステージツアー","","","普段見ることのできない舞台裏等の見学を通して、当館の歴史と事業を多くの方々に知っていただき、親しみを深めていただく機会を提供します。＜舞台編＞と＜建築編＞を開催します。
　ツアー内容：大ホール舞台装置や出演者が残したサインの見学、照明の操作体験等
　会場：大ホール","東京文化会館","台東区上野公園5-45","35.71442852473012","139.7756714","JR上野駅から徒歩１分、東京メトロ銀座線・日比谷線上野駅徒歩約5分、京成電鉄京成上野駅から徒歩７分","https://www.t-bunka.jp/",""
"東京都","台東区","ティータイムコンサート","","","昼下がりのひと時、大ホールのホワイエで行う無料のコンサートです。
　出演者：東京都交響楽団員
　会場：大ホール ホワイエ","東京文化会館","台東区上野公園5-45","35.71442852473012","139.7756714","JR上野駅から徒歩１分、東京メトロ銀座線・日比谷線上野駅徒歩約5分、京成電鉄京成上野駅から徒歩７分","https://www.t-bunka.jp/",""
"東京都","台東区","東京音楽コンクール入賞者支援リサイタル","","","東京音楽コンクールの入賞者の支援を目的に、入賞者と東京文化
会館との共催によるリサイタルを開催します。
　会場：小ホール","東京文化会館","台東区上野公園5-45","35.71442852473012","139.7756714","JR上野駅から徒歩１分、東京メトロ銀座線・日比谷線上野駅徒歩約5分、京成電鉄京成上野駅から徒歩７分","https://www.t-bunka.jp/",""
"東京都","台東区","フレッシュ名曲コンサート","","","都内の区市町村及び区市町村が指定する団体との共催により実施しています。次代を担う新進気鋭の音楽家が毎年活躍しています。
会場：都内各ホール","東京文化会館","台東区上野公園5-45","35.71442852473012","139.7756714","JR上野駅から徒歩１分、東京メトロ銀座線・日比谷線上野駅徒歩約5分、京成電鉄京成上野駅から徒歩７分","https://www.t-bunka.jp/",""
"東京都","台東区","Music Program TOKYO　Enjoy Concerts!","","","東京の音楽文化の活性化・創造力の向上を目指し、「創造性」と「参加性」を柱とした事業として、多彩なコンサートを実施します。
・シアター・デビュー・プログラム
・プラチナ・シリーズ
・シャイニング・シリーズ
・3歳からの楽しいクラシック
・まちなかコンサート","東京文化会館","台東区上野公園5-45","35.71442852473012","139.7756714","JR上野駅から徒歩１分、東京メトロ銀座線・日比谷線上野駅徒歩約5分、京成電鉄京成上野駅から徒歩７分","https://www.t-bunka.jp/",""
"東京都","台東区","Music Program TOKYO　Workshop Workshop!","","","ポルトガルの音楽施設「カーザ・ダ・ムジカ」をはじめとした、国内外の様々な機関と連携し、多様なワークショップを開催する他、ワークショップ・リーダーの育成プログラムを実施します。また、社会的弱者等を対象としたプログラムを充実させ、地域文化施設と連携し、若手アーティストによる地域活性化を目指す事業に取り組みます。
・国際連携企画
・東京ネットワーク計画
・コンビビアル・プロジェクト","東京文化会館","台東区上野公園5-45","35.71442852473012","139.7756714","JR上野駅から徒歩１分、東京メトロ銀座線・日比谷線上野駅徒歩約5分、京成電鉄京成上野駅から徒歩７分","https://www.t-bunka.jp/","ワークショップ"
"東京都","台東区","Music Program TOKYO　Music Education Program","","","次世代を担う子供たちを中心に、幅広い層に向けて企画された、「創造性」と「参加性」を重視した音楽教育プログラムを通年で実施します。
・Talk & Lesson
・オペラをつくろう！
・アウトリーチ・コンサート
・アウトリーチ・ワークショップ","東京文化会館","台東区上野公園5-45","35.71442852473012","139.7756714","JR上野駅から徒歩１分、東京メトロ銀座線・日比谷線上野駅徒歩約5分、京成電鉄京成上野駅から徒歩７分","https://www.t-bunka.jp/","ワークショップ"
"東京都","豊島区","リサイタルシリーズ(全3公演)","","","世界を舞台に活躍する著名アーティストのリサイタル及び小編成の公演シリーズ。2021年度より「VS」と題し、ピアノ・デュオによる競演をテーマにした公演シリーズを実施します。
　出演：山中千尋、阪田知樹（ピアノ）他
　会場：コンサートホール","東京芸術劇場","東京都豊島区西池袋1-8-1","35.730068425530845","139.7080697","JR・東京メトロ・東武東上線・西武池袋線池袋駅から徒歩２分","https://www.geigeki.jp/",""
"東京都","豊島区","海外オーケストラシリーズ ロンドン交響楽団　演奏会","2022-10-07","2022-10-07","2020年にコロナ禍の影響で中止(延期)となった巨匠サイモン・ラトルとロンドン交響楽団による来日公演を行います。コロナ禍における希望や未来に向けたプログラムでお届けします。
　曲目：ブルックナー／交響曲第7番 他
　出演：サイモン･ラトル（指揮）、
　　　　ロンドン交響楽団（管弦楽）
　会場：コンサートホール","東京芸術劇場","東京都豊島区西池袋1-8-1","35.730068425530845","139.7080697","JR・東京メトロ・東武東上線・西武池袋線池袋駅から徒歩２分","https://www.geigeki.jp/",""
"東京都","豊島区","読売日本交響楽団　演奏会","2022-11-20","2022-11-20","シュ･ネトピルを指揮に迎え、マーラーの交響曲第1番を中心とする演奏会を実施します。
　曲目：マーラー／交響曲第1番『巨人』　他
　出演：トマーシュ･ネトピル（指揮）、
　　　 ヴィタリ･ユシュマノフ（バリトン）、
　　　　読売日本交響楽団（管弦楽）
　会場：コンサートホール","東京芸術劇場","東京都豊島区西池袋1-8-1","35.730068425530845","139.7080697","JR・東京メトロ・東武東上線・西武池袋線池袋駅から徒歩２分","https://www.geigeki.jp/",""
"東京都","豊島区","音楽大学オーケストラ･フェスティバル","","","首都圏の音楽大学とミューザ川崎シンフォニーホールと連携した共同企画公演です。12月公演では、各大学のオーケストラが出演し、2023年3月の公演では、各大学の選抜メンバーによる合同オーケストラを結成。未来に羽ばたく人材の交流・育成を行う企画として実施します。
　出演：桐朋学園大学＆武蔵野音楽大学、上野学園大学＆東邦音楽大学、井上道義（指揮）、音楽大学フェスティバル･オーケストラ（管弦楽）
　会場：コンサートホール","東京芸術劇場","東京都豊島区西池袋1-8-1","35.730068425530845","139.7080697","JR・東京メトロ・東武東上線・西武池袋線池袋駅から徒歩２分","https://www.geigeki.jp/",""
"東京都","豊島区","シアターオペラvol.16 マスカーニ／歌劇『カヴァレリア･ルスティカーナ』＆レオンカヴァッロ／歌劇『道化師』","","","コンサートホールの特徴を最大限に活かしたシアターオペラ･シリーズの第16回企画。オペラ史に残る名作『カヴァレリア･ルスティカーナ』＆『道化師』を全国共同制作作品として上演します。
　曲目：マスカーニ／歌劇『カヴァレリア･ルスティカーナ』
　　　　レオンカヴァッロ／歌劇『道化師』
　出演：A・パロンビ、読売日本交響楽団（管弦楽）他
　会場：コンサートホール","東京芸術劇場","東京都豊島区西池袋1-8-1","35.730068425530845","139.7080697","JR・東京メトロ・東武東上線・西武池袋線池袋駅から徒歩２分","https://www.geigeki.jp/",""
"東京都","豊島区","0才から聴こう?&4才から聴こう?春休みオーケストラコンサート","2023-03-23","2023-03-23","子供と一緒に音楽を楽しめる演奏会企画。0才児からと、4才児から入れる演奏会をそれぞれ1公演ずつ実施します。日頃、演奏会に行く機会の少ない子育て世代ファミリー向けに演奏曲目も工夫されたオーケストラ公演です。
　出演：読売日本交響楽団（管弦楽）他
　会場：コンサートホール","東京芸術劇場","東京都豊島区西池袋1-8-1","35.730068425530845","139.7080697","JR・東京メトロ・東武東上線・西武池袋線池袋駅から徒歩２分","https://www.geigeki.jp/",""
"東京都","豊島区","オルガン･ア･ラ･カルト(ナイト･ランチ･講座)","","","世界で唯一の回転するパイプオルガンを持つ東京芸術劇場ならではの事業。オルガン･コンサートを低廉な価格でお楽しみいただけます。また、聴くだけではなく学びたい方を対象にした講座も開講します。
　ナイトタイム･パイプオルガンコンサート（年間5回）
　ランチタイム･パイプオルガンコンサート（年間4回）
　パイプオルガン講座（年間3回）
　会場：コンサートホール","東京芸術劇場","東京都豊島区西池袋1-8-1","35.730068425530845","139.7080697","JR・東京メトロ・東武東上線・西武池袋線池袋駅から徒歩２分","https://www.geigeki.jp/",""
"東京都","豊島区","芸劇×読響ジュニア･アンサンブル･アカデミー","","","演奏経験のある小･中・高校生を対象とし、読売日本交響楽団のメンバーが演奏指導にあたるクリニック・ワークショップです。読売日本交響楽団のメンバーと共に成果発表も予定しています。
　会場：リハーサルルーム　他","東京芸術劇場","東京都豊島区西池袋1-8-1","35.730068425530845","139.7080697","JR・東京メトロ・東武東上線・西武池袋線池袋駅から徒歩２分","https://www.geigeki.jp/","ワークショップ"
"東京都","豊島区","読響　土曜／日曜マチネ－シリーズ(共催事業）","","","日本を代表するトップ･オーケストラのひとつ、読売日本交響楽
団との事業提携に基づき、土日の午後に開催するコンサート･シリーズです。
　会場：コンサートホール","東京芸術劇場","東京都豊島区西池袋1-8-1","35.730068425530845","139.7080697","JR・東京メトロ・東武東上線・西武池袋線池袋駅から徒歩２分","https://www.geigeki.jp/",""
"東京都","豊島区","若手育成　芸劇eyes eyes plus","","","「芸劇が注目する才能たち、」と銘打ち、活動が注目される若手劇団と提携する「芸劇eyes」シリーズ、そしてeyes参加劇団が次の新たなステップとして「いつもと違うをプラスする。」挑戦を行う「eyes plus」シリーズで、若手団体の活動を応援します。2022年度は、芸劇eyes「劇団あはひ」「やしゃご」、eyes plus「タカハ劇団」「玉田企画」が登場です。
　会場：シアターイースト","東京芸術劇場","東京都豊島区西池袋1-8-1","35.730068425530845","139.7080697","JR・東京メトロ・東武東上線・西武池袋線池袋駅から徒歩２分","https://www.geigeki.jp/",""
"東京都","豊島区","『気づかいルーシー』","","","当劇場が2015年（平成27年）に初演し2017年（平成29年）に再演した、子供も大人も楽しめるオリジナル音楽劇の再々演。原作は松尾スズキの傑作絵本。これを劇団はえぎわ主宰ノゾエ征爾が、歌と踊りで観客を巻き込む、オリジナル音楽劇として舞台化したものです。ノゾエは松尾の愛弟子でもあり、岸田戯曲賞受賞の異才。ノゾエ流の楽しい仕掛け満載のステージが帰ってきます。
　作：松尾スズキ　演出：ノゾエ征爾
　会場：シアターイースト","東京芸術劇場","東京都豊島区西池袋1-8-1","35.730068425530845","139.7080697","JR・東京メトロ・東武東上線・西武池袋線池袋駅から徒歩２分","https://www.geigeki.jp/",""
"東京都","豊島区","劇団チョコレートケーキ主催　東京芸術劇場共催5演目同時連続上演","","","日本の近現代史に題材を得たオリジナル作品の上演で高い評価を集める劇団チョコレートケーキ。戦争と人間を歴史的視点で考察する代表作『追憶のアリラン』『帰還不能』『無畏』『〇六〇〇猶二人生存ス』に、新作を加えた連続上演を2会場を同時に使用して行います。
　作：古川健
　演出：日澤雄介
　会場：シアターイースト、シアターウエスト","東京芸術劇場","東京都豊島区西池袋1-8-1","35.730068425530845","139.7080697","JR・東京メトロ・東武東上線・西武池袋線池袋駅から徒歩２分","https://www.geigeki.jp/",""
"東京都","豊島区","東京芸術祭芸劇オータムセレクション『スカーレット・プリンセス』【アーツカウンシル東京事業】","","","ルーマニアが誇る世界的演出家のシルヴィウ・プルカレーテが、古典歌舞伎の傑作、鶴屋南北『桜姫東文章』に挑戦します。日本の古典に内在する現代にも通じるドラマトゥルギーを、グローバルな視点で舞台化したプルカレーテの『スカーレット・プリンセス』は、ヨーロッパでも大きな話題を呼びました。独自のスタイルに貫かれた演技、装置、音響、映像を斬新に組合わせた、これまでにないスペクタクルです。観る者の魂を深く揺さぶる舞台をルーマニアより招聘します。
　会場：プレイハウス","東京芸術劇場","東京都豊島区西池袋1-8-1","35.730068425530845","139.7080697","JR・東京メトロ・東武東上線・西武池袋線池袋駅から徒歩２分","https://www.geigeki.jp/",""
"東京都","豊島区","東京芸術祭芸劇オータムセレクション　世界の舞台、映像配信【アーツカウンシル東京事業】","","","東京芸術祭2021で上映して好評を博した『太陽劇団シネマアンソロジー』。この企画に新たな上映作品を加えた新プログラムを紹介し、海外の優れた舞台作品に、より広いファンを獲得することを目指します。またオランダの演出家イヴォ・ヴァン・ホーヴェによる人気の高い映像作品等も同時上映します。　会場：シアターイースト","東京芸術劇場","東京都豊島区西池袋1-8-1","35.730068425530845","139.7080697","JR・東京メトロ・東武東上線・西武池袋線池袋駅から徒歩２分","https://www.geigeki.jp/",""
"東京都","豊島区","東京芸術祭芸劇オータムセレクション　山本卓卓×北尾亘『となり街の知らない踊り子』【アーツカウンシル東京事業】","","","現代社会におけるコミュニケーションの行方を独自の手法で描き出す劇作家・山本卓卓と、ドラマ性に満ちたファンタジックなダンスが持ち味の振付家・ダンサー北尾亘がコラボレートした『となり街の知らない踊り子』。日本各地や海外で上演を重ねて好評を得てきた傑作を、新たに“2022年東京版”として上演します。　会場：シアターイースト","東京芸術劇場","東京都豊島区西池袋1-8-1","35.730068425530845","139.7080697","JR・東京メトロ・東武東上線・西武池袋線池袋駅から徒歩２分","https://www.geigeki.jp/",""
"東京都","豊島区","東京芸術祭芸劇オータムセレクション　プルカレーテ演出　佐々木蔵之介主演作品「守銭奴」【アーツカウンシル東京事業】","","","ルーマニアを代表する鬼才演出家シルヴィウ・プルカレーテの「スカーレット・プリンセス」来日公演に続き、同氏演出、日本人俳優による新作を「東京芸術祭」で上演します。2017年「リチャード三世」以来交流を続ける佐々木蔵之介と再びタッグを組み、歌舞伎や文楽等、日本の伝統芸能から得たアイデアも盛り込んだ創造活動が期待される注目の公演です。　演出：シルヴィウ・プルカレーテ
　会場：プレイハウス","東京芸術劇場","東京都豊島区西池袋1-8-1","35.730068425530845","139.7080697","JR・東京メトロ・東武東上線・西武池袋線池袋駅から徒歩２分","https://www.geigeki.jp/",""
"東京都","豊島区","芸劇dance　田中泯ダンス『外は、良寛』","","","孤高のダンサーながら全世界のアーティストからコラボレーション希望が絶えず、いっぽうで存在感ある俳優としても活躍する田中泯。盟友でもある博覧強記のクリエーター松岡正剛と組んで2020年に上演した『村のドン・キホーテ』は各界から絶賛されました。今回は田中泯・松岡正剛コンビにクロスジャンルで活躍する現代美術家の杉本博司を迎えて「良寛」に迫る新作ダンスに挑みます。
会場：プレイハウス","東京芸術劇場","東京都豊島区西池袋1-8-1","35.730068425530845","139.7080697","JR・東京メトロ・東武東上線・西武池袋線池袋駅から徒歩２分","https://www.geigeki.jp/",""
"東京都","豊島区","宮崎県立芸術劇場主催　東京芸術劇場共催公演「新かぼちゃといもがら物語」シリーズ『神舞の庭』","","","日本を代表する劇作家を招き、宮崎を舞台に“今を生きる”人々の営みから、新しい物語を紡ぐ宮崎発信の創造事業は全国的にも注目を集めています。2020年(令和2年）に新型コロナウイルス感染症の影響で中止となった東京公演に、満を持して挑みます。
　作：長田育恵　演出：立山ひろみ
　会場：シアターウエスト","東京芸術劇場","東京都豊島区西池袋1-8-1","35.730068425530845","139.7080697","JR・東京メトロ・東武東上線・西武池袋線池袋駅から徒歩２分","https://www.geigeki.jp/",""
"東京都","豊島区","木ノ下歌舞伎オンラインレクチャー","","","令和3（2021）年度に3回配信し、好評を博した、名作歌舞伎の舞台となった江戸・東京の地をテーマとした「歌舞伎ひらき街めぐり」。この企画を継続し、木ノ下歌舞伎主宰・木ノ下裕一の監修によるオンラインレクチャーをおこないます。
　収録：シンフォニースペース、リハーサルルーム他","東京芸術劇場","東京都豊島区西池袋1-8-1","35.730068425530845","139.7080697","JR・東京メトロ・東武東上線・西武池袋線池袋駅から徒歩２分","https://www.geigeki.jp/",""
"東京都","豊島区","芸劇danceワークショップ『未来の踊りのためのプログラム2022』","","","広く舞踊芸術に関わる創造性を促進するために、より活発な取り組みを提案してきたアーツカウンシル東京のトライアル事業を東京芸術劇場が引き継いで発展的に展開します。「座学」と「ラボラトリー」二つのプログラムを柱とし、ダンス分野にとどまらない表現者を講師として招き、舞踊芸術の将来的な在り方を思考と実践の両輪で見据え、深めていきます。
　会場：リハーサルルーム、水天宮ピット他","東京芸術劇場","東京都豊島区西池袋1-8-1","35.730068425530845","139.7080697","JR・東京メトロ・東武東上線・西武池袋線池袋駅から徒歩２分","https://www.geigeki.jp/","ワークショップ"
"東京都","豊島区","東京演劇道場","","","野田秀樹芸術監督が開設した、次代を担う芝居人の育成を目指す俳優や演出家等演劇人の修行・交流の場。国内外から講師を招き、ワークショップ等を継続的に行っていきます。
会場：リハーサルルーム　他","東京芸術劇場","東京都豊島区西池袋1-8-1","35.730068425530845","139.7080697","JR・東京メトロ・東武東上線・西武池袋線池袋駅から徒歩２分","https://www.geigeki.jp/",""
"東京都","豊島区","レクチャー（技術セミナー）","","","舞台芸術の奥深さやその仕組みを知り、劇場をもっと楽しんでいただくための講座を開催します。舞台技術の実践を見ながら学ぶ講座等、劇場ビギナーから専門家まで、多様な人々へ参加の機会を提供します。
会場：東京芸術劇場内","東京芸術劇場","東京都豊島区西池袋1-8-1","35.730068425530845","139.7080697","JR・東京メトロ・東武東上線・西武池袋線池袋駅から徒歩２分","https://www.geigeki.jp/",""
"東京都","豊島区","ワークショップ","","","国内外の優れた講師を招き、またはオンラインを活用し、プフェッショナルを目指すワークショップ・ファシリテーターやエデュケーターたちの学びの場を提供します。その成果としてファシリテーターたちは子供や障害者、外国人等、誰もが劇場に親しむための企画を作成し、様々なワークショップや講座を開催します。
　会場：東京芸術劇場内","東京芸術劇場","東京都豊島区西池袋1-8-1","35.730068425530845","139.7080697","JR・東京メトロ・東武東上線・西武池袋線池袋駅から徒歩２分","https://www.geigeki.jp/","ワークショップ"
"東京都","豊島区","バックステージツアー／劇場ツアー","","","「バックステージツアー」では、普段は見ることのできない劇場内各所を技術スタッフがご案内します。舞台機構・照明・音響等の体験型デモンストレーション等を行い、知られざる劇場の魅力を発見していただきます。「劇場ツアー」では、劇場見学の他、劇場内の美術品を紹介したり、屋上散策を体験する等、ツアーガイドが劇場のエピソードをたっぷり盛り込みながらご案内します。
　会場：東京芸術劇場内","東京芸術劇場","東京都豊島区西池袋1-8-1","35.730068425530845","139.7080697","JR・東京メトロ・東武東上線・西武池袋線池袋駅から徒歩２分","https://www.geigeki.jp/",""
"東京都","豊島区","インクルーシブダンス・プロジェクト","","","インクルーシブダンス「東京のはら表現部」連続ワークショップ及び国際障害者交流センター(ビッグ・アイ)との共催による舞台作品「Breakthrough Journey」の上演を通し、障害者の芸術文化活動参加機会を創出し、優れた身体表現力をもつインクルーシブダンスの表現者を育成、障害者と健常者によるインクルーシブな身体表現の価値を発信します。また、「東京のはら表現部」では、障害者による身体表現活動の指導者を育成するため、アウトリーチ活動も行っていきます。","東京芸術劇場","東京都豊島区西池袋1-8-1","35.730068425530845","139.7080697","JR・東京メトロ・東武東上線・西武池袋線池袋駅から徒歩２分","https://www.geigeki.jp/",""
"東京都","豊島区","ホワイトハンドコーラス","","","「ホワイトハンドコーラス」は、障害の有無にかかわらず子供たち誰もが参加できる音楽活動です。東京芸術劇場が一般社団法人エル・システマジャパン、エル・システマコネクトの2団体と共に事業を実施しています。盲学校に通う子供たちによるコーラスのワークショップ等、視覚や聴覚障害などを持つ子供たちが音楽を通してインクルーシブな表現活動を行います。","東京芸術劇場","東京都豊島区西池袋1-8-1","35.730068425530845","139.7080697","JR・東京メトロ・東武東上線・西武池袋線池袋駅から徒歩２分","https://www.geigeki.jp/",""
"東京都","豊島区","社会共生セミナー","","","共生社会の実現のため、芸術文化を通して地域の包摂的環境の推進を図るためにはどうするべきなのか、公立文化施設関係者を主な対象として、レクチャーや講座を実施します。文化による多様な価値観の形成と、それを担う公立文化施設職員の知識習得の場を設けます。","東京芸術劇場","東京都豊島区西池袋1-8-1","35.730068425530845","139.7080697","JR・東京メトロ・東武東上線・西武池袋線池袋駅から徒歩２分","https://www.geigeki.jp/",""
